Row_ID,Name,eISSN,Journal Name,JCR_Abbrev,Name_Teshome,Name_Teresa,Name_2,Name_Robert,ABZ_order,JID
21,1432-0533_bz_results.csv,1432-0533,acta neuropathologica,ACTA NEUROPATHOL,acta neuropathologica,Acta neuropathologica,,ACTA NEUROPATHOLOGICA,1,117
127,1745-7254_bz_results.csv,1745-7254,acta pharmacologica sinica,ACTA PHARMACOL SIN,acta pharmacologica sinica,Acta pharmacologica Sinica,,ACTA PHARMACOLOGICA SINICA,2,160
128,1748-1716_bz_results.csv,1748-1716,acta physiologica,ACTA PHYSIOL,acta physiologica,"Acta physiologica (Oxford, England)",,Acta Physiologica,3,165
39,1473-0790_bz_results.csv,1473-0790,aging male,AGING MALE,aging male,The aging male : the official journal of the International Society for the Study of the Aging Male,,Aging Male,4,210
16,1365-2036_bz_results.csv,1365-2036,alimentary pharmacology & therapeutics,ALIMENT PHARM THER,alimentary pharmacology & therapeutics,Alimentary pharmacology &amp; therapeutics,,ALIMENTARY PHARMACOLOGY & THERAPEUTICS,5,159
13,1179-187X_bz_results.csv,1179-187X,american journal of cardiovascular drugs,AM J CARDIOVASC DRUG,,"American journal of cardiovascular drugs : drugs, devices, and other interventions",,American Journal of Cardiovascular Drugs,6,30
90,1537-6605_bz_results.csv,1537-6605,american journal of human genetics,AM J HUM GENET,american journal of human genetics,American journal of human genetics,,AMERICAN JOURNAL OF HUMAN GENETICS,7,75
66,1522-1563_bz_results.csv,1522-1563,american journal of physiology-cell physiology,AM J PHYSIOL-CELL PH,american journal of physiology cell physiology,American journal of physiology. Cell physiology,,AMERICAN JOURNAL OF PHYSIOLOGY-CELL PHYSIOLOGY,8,178
65,1522-1555_bz_results.csv,1522-1555,american journal of physiology-endocrinology and metabolism,AM J PHYSIOL-ENDOC M,american journal of physiology endocrinology & metabolism,American journal of physiology. Endocrinology and metabolism,,AMERICAN JOURNAL OF PHYSIOLOGY-ENDOCRINOLOGY AND METABOLISM,9,175
64,1522-1547_bz_results.csv,1522-1547,american journal of physiology-gastrointestinal and liver physiology,AM J PHYSIOL-GASTR L,american journal of physiology gastrointestinal & liver physiology,American journal of physiology. Gastrointestinal and liver physiology,,AMERICAN JOURNAL OF PHYSIOLOGY-GASTROINTESTINAL AND LIVER PHYSIOLOGY,10,181
63,1522-1539_bz_results.csv,1522-1539,american journal of physiology-heart and circulatory physiology,AM J PHYSIOL-HEART C,american journal of physiology heart & circulatory physiology,American journal of physiology. Heart and circulatory physiology,,AMERICAN JOURNAL OF PHYSIOLOGY-HEART AND CIRCULATORY PHYSIOLOGY,11,172
62,1522-1504_bz_results.csv,1522-1504,american journal of physiology-lung cellular and molecular physiology,AM J PHYSIOL-LUNG C,american journal of physiology lung cellular & molecular physiology,American journal of physiology. Lung cellular and molecular physiology,,AMERICAN JOURNAL OF PHYSIOLOGY-LUNG CELLULAR AND MOLECULAR PHYSIOLOGY,12,163
61,1522-1490_bz_results.csv,1522-1490,american journal of physiology-regulatory integrative and comparative physiology,AM J PHYSIOL-REG I,american journal of physiology regulatory integrative & comparative physiology,"American journal of physiology. Regulatory, integrative and comparative physiology",,AMERICAN JOURNAL OF PHYSIOLOGY-REGULATORY INTEGRATIVE AND COMPARATIVE PHYSIOLOGY,13,184
60,1522-1466_bz_results.csv,1522-1466,american journal of physiology-renal physiology,AM J PHYSIOL-RENAL,american journal of physiology renal physiology,American journal of physiology. Renal physiology,,AMERICAN JOURNAL OF PHYSIOLOGY-RENAL PHYSIOLOGY,14,190
81,1531-8249_bz_results.csv,1531-8249,annals of neurology,ANN NEUROL,annals of neurology,Annals of neurology,,ANNALS OF NEUROLOGY,15,122
114,1569-8041_bz_results.csv,1569-8041,annals of oncology,ANN ONCOL,annals of oncology,Annals of oncology : official journal of the European Society for Medical Oncology,,ANNALS OF ONCOLOGY,16,126
101,1552-6259_bz_results.csv,1552-6259,annals of thoracic surgery,ANN THORAC SURG,annals of thoracic surgery,The Annals of thoracic surgery,,ANNALS OF THORACIC SURGERY,17,26
108,1557-7716_bz_results.csv,1557-7716,antioxidants & redox signaling,ANTIOXID REDOX SIGN,antioxidants & redox signaling,Antioxidants &amp; redox signaling,,ANTIOXIDANTS & REDOX SIGNALING,18,49
126,1744-4160_bz_results.csv,1744-4160,archives of physiology and biochemistry,ARCH PHYSIOL BIOCHEM,archives of physiology & biochemistry,Archives of physiology and biochemistry,,ARCHIVES OF PHYSIOLOGY AND BIOCHEMISTRY,19,170
197,2326-5205_bz_results.csv,2326-5205,arthritis & rheumatology,ARTHRITIS RHEUMATOL,arthritis & rheumatology,Arthritis research &amp; therapy,,Arthritis Research & Therapy,20,206
53,1478-6362_bz_results.csv,1478-6362,arthritis research & therapy,ARTHRITIS RES THER,,"Arthritis &amp; rheumatology (Hoboken, N.J.)",,Arthritis & Rheumatology,21,202
152,1879-1484_bz_results.csv,1879-1484,atherosclerosis,ATHEROSCLEROSIS,atherosclerosis,Atherosclerosis,,ATHEROSCLEROSIS,22,33
25,1435-1803_bz_results.csv,1435-1803,basic research in cardiology,BASIC RES CARDIOL,basic research in cardiology,Basic research in cardiology,,BASIC RESEARCH IN CARDIOLOGY,23,5
140,1872-8081_bz_results.csv,1872-8081,biofactors,BIOFACTORS,biofactors,"BioFactors (Oxford, England)",,BIOFACTORS,24,57
174,2044-5385_bz_results.csv,2044-5385,blood cancer journal,BLOOD CANCER J,blood cancer journal,Blood cancer journal,,Blood Cancer Journal,25,136
178,2049-4394_bz_results.csv,2049-4394,bone & joint journal,BONE JOINT J,bone & joint journal,The bone &amp; joint journal,,Bone & Joint Journal,26,155
175,2046-3758_bz_results.csv,2046-3758,bone & joint research,BONE JOINT RES,bone & joint research,Bone &amp; joint research,,Bone & Joint Research,27,154
44,1476-5365_bz_results.csv,1476-5365,bone marrow transplantation,BONE MARROW TRANSPL,bone marrow transplantation,Bone marrow transplantation,,BONE MARROW TRANSPLANTATION,28,112
31,1460-2156_bz_results.csv,1460-2156,brain,BRAIN,brain,Brain : a journal of neurology,,BRAIN,29,34
83,1532-1827_bz_results.csv,1532-1827,british journal of cancer,BRIT J CANCER,british journal of cancer,British journal of cancer,,BRITISH JOURNAL OF CANCER,30,142
45,1476-5381_bz_results.csv,1476-5381,british journal of pharmacology,BRIT J PHARMACOL,british journal of pharmacology,British journal of pharmacology,,BRITISH JOURNAL OF PHARMACOLOGY,31,157
156,1916-7075_bz_results.csv,1916-7075,canadian journal of cardiology,CAN J CARDIOL,canadian journal of cardiology,The Canadian journal of cardiology,,CANADIAN JOURNAL OF CARDIOLOGY,32,29
8,1097-0142_bz_results.csv,1097-0142,cancer,CANCER-AM CANCER SOC,cancer,Cancer,,CANCER,33,151
148,1878-3686_bz_results.csv,1878-3686,cancer cell,CANCER CELL,cancer cell,Cancer cell,,CANCER CELL,34,125
208,2523-3548_bz_results.csv,2523-3548,cancer communications,CANCER COMMUN,cancer communications,"Cancer communications (London, England)",,Cancer Communications,35,137
188,2159-8290_bz_results.csv,2159-8290,cancer discovery,CANCER DISCOV,cancer discovery,Cancer discovery,,Cancer Discovery,36,124
48,1476-5500_bz_results.csv,1476-5500,cancer gene therapy,CANCER GENE THER,cancer gene therapy,Cancer gene therapy,,CANCER GENE THERAPY,37,85
22,1432-0851_bz_results.csv,1432-0851,cancer immunology immunotherapy,CANCER IMMUNOL IMMUN,cancer immunology immunotherapy,"Cancer immunology, immunotherapy : CII",,CANCER IMMUNOLOGY IMMUNOTHERAPY,38,150
198,2326-6074_bz_results.csv,2326-6074,cancer immunology research,CANCER IMMUNOL RES,cancer immunology research,Cancer immunology research,,Cancer Immunology Research,39,100
91,1538-7445_bz_results.csv,1538-7445,cancer research,CANCER RES,cancer research,Cancer research,,CANCER RESEARCH,40,127
14,1349-7006_bz_results.csv,1349-7006,cancer science,CANCER SCI,cancer science,Cancer science,,CANCER SCIENCE,41,152
42,1475-2840_bz_results.csv,1475-2840,cardiovascular diabetology,CARDIOVASC DIABETOL,cardiovascular diabetology,Cardiovascular diabetology,,Cardiovascular Diabetology,42,45
158,1932-7420_bz_results.csv,1932-7420,cell metabolism,CELL METAB,cell metabolism,Cell metabolism,,Cell Metabolism,43,41
172,2042-0226_bz_results.csv,2042-0226,cellular & molecular immunology,CELL MOL IMMUNOL,cellular & molecular immunology,Cellular &amp; molecular immunology,,Cellular & Molecular Immunology,44,97
116,1573-6849_bz_results.csv,1573-6849,chromosome research,CHROMOSOME RES,chromosome research,"Chromosome research : an international journal on the molecular, supramolecular and evolutionary aspects of chromosome biology",,CHROMOSOME RESEARCH,45,92
76,1525-6073_bz_results.csv,1525-6073,chronobiology international,CHRONOBIOL INT,chronobiology international,Chronobiology international,,CHRONOBIOLOGY INTERNATIONAL,46,197
72,1524-4539_bz_results.csv,1524-4539,circulation,CIRCULATION,circulation,Circulation,,CIRCULATION,47,1
73,1524-4571_bz_results.csv,1524-4571,circulation research,CIRC RES,circulation research,Circulation research,,CIRCULATION RESEARCH,48,4
163,1941-3084_bz_results.csv,1941-3084,circulation-arrhythmia and electrophysiology,CIRC-ARRHYTHMIA ELEC,circulation arrhythmia & electrophysiology,Circulation. Arrhythmia and electrophysiology,,Circulation-Arrhythmia and Electrophysiology,49,10
166,1942-0080_bz_results.csv,1942-0080,circulation-cardiovascular imaging,CIRC-CARDIOVASC IMAG,circulation cardiovascular imaging,Circulation. Cardiovascular imaging,,Circulation-Cardiovascular Imaging,50,7
164,1941-7632_bz_results.csv,1941-7632,circulation-cardiovascular interventions,CIRC-CARDIOVASC INTE,circulation cardiovascular interventions,Circulation. Cardiovascular interventions,,Circulation-Cardiovascular Interventions,51,13
165,1941-7713_bz_results.csv,1941-7713,circulation-cardiovascular quality and outcomes,CIRC-CARDIOVASC QUAL,circulation cardiovascular quality & outcomes,Circulation. Cardiovascular quality and outcomes,,Circulation-Cardiovascular Quality and Outcomes,52,25
209,2574-8300_bz_results.csv,2574-8300,circulation-genomic and precision medicine,CIRC-GENOM PRECIS ME,circulation genomic & precision medicine,Circulation. Genomic and precision medicine,,Circulation-Genomic and Precision Medicine,53,82
179,2050-0068_bz_results.csv,2050-0068,clinical & translational immunology,CLIN TRANSL IMMUNOL,clinical & translational immunology,Clinical &amp; translational immunology,,Clinical & Translational Immunology,54,109
28,1440-1681_bz_results.csv,1440-1681,clinical and experimental pharmacology and physiology,CLIN EXP PHARMACOL P,clinical & experimental pharmacology & physiology,Clinical and experimental pharmacology &amp; physiology,,CLINICAL AND EXPERIMENTAL PHARMACOLOGY AND PHYSIOLOGY,55,200
170,2001-1326_bz_results.csv,2001-1326,clinical and translational medicine,CLIN TRANSL MED,clinical & translational medicine,Clinical and translational medicine,,Clinical and Translational Medicine,56,135
106,1557-3265_bz_results.csv,1557-3265,clinical cancer research,CLIN CANCER RES,clinical cancer research,Clinical cancer research : an official journal of the American Association for Cancer Research,,CLINICAL CANCER RESEARCH,57,130
138,1868-7083_bz_results.csv,1868-7083,clinical epigenetics,CLIN EPIGENETICS,clinical epigenetics,Clinical epigenetics,,Clinical Epigenetics,58,81
89,1537-6591_bz_results.csv,1537-6591,clinical infectious diseases,CLIN INFECT DIS,clinical infectious diseases,Clinical infectious diseases : an official publication of the Infectious Diseases Society of America,,CLINICAL INFECTIOUS DISEASES,59,101
41,1475-097X_bz_results.csv,1475-097X,clinical physiology and functional imaging,CLIN PHYSIOL FUNCT I,clinical physiology & functional imaging,Clinical physiology and functional imaging,,CLINICAL PHYSIOLOGY AND FUNCTIONAL IMAGING,60,201
136,1861-0692_bz_results.csv,1861-0692,clinical research in cardiology,CLIN RES CARDIOL,clinical research in cardiology,Clinical research in cardiology : official journal of the German Cardiac Society,,Clinical Research in Cardiology,61,24
80,1531-4332_bz_results.csv,1531-4332,comparative biochemistry and physiology a-molecular & integrative physiology,COMP BIOCHEM PHYS A,comparative biochemistry & physiology a molecular & integrative physiology,"Comparative biochemistry and physiology. Part A, Molecular &amp; integrative physiology",,COMPARATIVE BIOCHEMISTRY AND PHYSIOLOGY A-MOLECULAR & INTEGRATIVE PHYSIOLOGY,62,188
181,2051-1434_bz_results.csv,2051-1434,conservation physiology,CONSERV PHYSIOL,conservation physiology,Conservation physiology,,Conservation Physiology,63,194
162,1939-327X_bz_results.csv,1939-327X,diabetes,DIABETES,diabetes,Diabetes,,DIABETES,64,46
193,2233-6087_bz_results.csv,2233-6087,diabetes & metabolism journal,DIABETES METAB J,diabetes & metabolism journal,Diabetes &amp; metabolism journal,,Diabetes & Metabolism Journal,65,63
161,1935-5548_bz_results.csv,1935-5548,diabetes care,DIABETES CARE,diabetes care,Diabetes care,,DIABETES CARE,66,42
33,1463-1326_bz_results.csv,1463-1326,diabetes obesity & metabolism,DIABETES OBES METAB,diabetes obesity & metabolism,"Diabetes, obesity &amp; metabolism",,DIABETES OBESITY & METABOLISM,67,48
141,1872-8227_bz_results.csv,1872-8227,diabetes research and clinical practice,DIABETES RES CLIN PR,diabetes research & clinical practice,Diabetes research and clinical practice,,DIABETES RESEARCH AND CLINICAL PRACTICE,68,65
110,1557-8593_bz_results.csv,1557-8593,diabetes technology & therapeutics,DIABETES TECHNOL THE,diabetes technology & therapeutics,Diabetes technology &amp; therapeutics,,Diabetes Technology & Therapeutics,69,56
59,1520-7560_bz_results.csv,1520-7560,diabetes-metabolism research and reviews,DIABETES-METAB RES,diabetes metabolism research & reviews,Diabetes/metabolism research and reviews,,DIABETES-METABOLISM RESEARCH AND REVIEWS,70,62
20,1432-0428_bz_results.csv,1432-0428,diabetologia,DIABETOLOGIA,diabetologia,Diabetologia,,DIABETOLOGIA,71,43
167,1945-7170_bz_results.csv,1945-7170,endocrinology,ENDOCRINOLOGY,endocrinology,Endocrinology,,ENDOCRINOLOGY,72,60
168,1969-6213_bz_results.csv,1969-6213,eurointervention,EUROINTERVENTION,eurointervention,EuroIntervention : journal of EuroPCR in collaboration with the Working Group on Interventional Cardiology of the European Society of Cardiology,,EuroIntervention,73,15
84,1532-2092_bz_results.csv,1532-2092,europace,EUROPACE,europace,"Europace : European pacing, arrhythmias, and cardiac electrophysiology : journal of the working groups on cardiac pacing, arrhythmias, and cardiac cellular electrophysiology of the European Society of Cardiology",,EUROPACE,74,11
27,1439-6327_bz_results.csv,1439-6327,european journal of applied physiology,EUR J APPL PHYSIOL,european journal of applied physiology,European journal of applied physiology,,EUROPEAN JOURNAL OF APPLIED PHYSIOLOGY,75,186
151,1879-0852_bz_results.csv,1879-0852,european journal of cancer,EUR J CANCER,european journal of cancer,"European journal of cancer (Oxford, England : 1990)",,EUROPEAN JOURNAL OF CANCER,76,143
142,1873-1953_bz_results.csv,1873-1953,european journal of cardiovascular nursing,EUR J CARDIOVASC NUR,european journal of cardiovascular nursing,European journal of cardiovascular nursing,,European Journal of Cardiovascular Nursing,77,23
56,1479-683X_bz_results.csv,1479-683X,european journal of endocrinology,EUR J ENDOCRINOL,european journal of endocrinology,European journal of endocrinology,,EUROPEAN JOURNAL OF ENDOCRINOLOGY,78,53
150,1879-0844_bz_results.csv,1879-0844,european journal of heart failure,EUR J HEART FAIL,european journal of heart failure,European journal of heart failure,,EUROPEAN JOURNAL OF HEART FAILURE,79,3
176,2047-4881_bz_results.csv,2047-4881,european journal of preventive cardiology,EUR J PREV CARDIOL,european journal of preventive cardiology,European journal of preventive cardiology,,European Journal of Preventive Cardiology,80,6
146,1873-7560_bz_results.csv,1873-7560,european urology,EUR UROL,european urology,European urology,,EUROPEAN UROLOGY,81,209
210,2588-9311_bz_results.csv,2588-9311,european urology oncology,EUR UROL ONCOL,european urology oncology,European urology oncology,,European Urology Oncology,82,212
36,1469-445X_bz_results.csv,1469-445X,experimental physiology,EXP PHYSIOL,experimental physiology,Experimental physiology,,EXPERIMENTAL PHYSIOLOGY,83,196
143,1873-4596_bz_results.csv,1873-4596,free radical biology and medicine,FREE RADICAL BIO MED,free radical biology & medicine,Free radical biology &amp; medicine,,FREE RADICAL BIOLOGY AND MEDICINE,84,51
195,2297-055X_bz_results.csv,2297-055X,frontiers in cardiovascular medicine,FRONT CARDIOVASC MED,frontiers in cardiovascular medicine,Frontiers in cardiovascular medicine,,Frontiers in Cardiovascular Medicine,85,14
121,1664-2392_bz_results.csv,1664-2392,frontiers in endocrinology,FRONT ENDOCRINOL,frontiers in endocrinology,Frontiers in endocrinology,,Frontiers in Endocrinology,86,59
122,1664-3224_bz_results.csv,1664-3224,frontiers in immunology,FRONT IMMUNOL,frontiers in immunology,Frontiers in immunology,,Frontiers in Immunology,87,108
120,1664-042X_bz_results.csv,1664-042X,frontiers in physiology,FRONT PHYSIOL,frontiers in physiology,Frontiers in physiology,,Frontiers in Physiology,88,167
26,1436-3305_bz_results.csv,1436-3305,gastric cancer,GASTRIC CANCER,gastric cancer,Gastric cancer : official journal of the International Gastric Cancer Association and the Japanese Gastric Cancer Association,,Gastric Cancer,89,146
46,1476-5462_bz_results.csv,1476-5462,gene therapy,GENE THER,gene therapy,Gene therapy,,GENE THERAPY,90,91
92,1540-7748_bz_results.csv,1540-7748,general physiology,J GEN PHYSIOL,general physiology,The Journal of general physiology,,General Physiology,91,169
98,1549-5477_bz_results.csv,1549-5477,genes & development,GENE DEV,genes & development,Genes &amp; development,,GENES & DEVELOPMENT,92,72
200,2352-3042_bz_results.csv,2352-3042,genes & diseases,GENES DIS,genes & diseases,Genes &amp; diseases,,Genes & Diseases,93,80
137,1865-3499_bz_results.csv,1865-3499,genes and nutrition,GENES NUTR,genes & nutrition,Genes &amp; nutrition,,Genes and Nutrition,94,86
78,1530-0366_bz_results.csv,1530-0366,genetics in medicine,GENET MED,genetics in medicine,Genetics in medicine : official journal of the American College of Medical Genetics,,GENETICS IN MEDICINE,95,73
40,1474-760X_bz_results.csv,1474-760X,genome biology,GENOME BIOL,genome biology,Genome biology,,GENOME BIOLOGY,96,69
131,1756-994X_bz_results.csv,1756-994X,genome medicine,GENOME MED,genome medicine,Genome medicine,,Genome Medicine,97,74
97,1549-5469_bz_results.csv,1549-5469,genome research,GENOME RES,genome research,Genome research,,GENOME RESEARCH,98,77
4,1089-8646_bz_results.csv,1089-8646,genomics,GENOMICS,genomics,Genomics,,GENOMICS,99,87
34,1468-201X_bz_results.csv,1468-201X,heart,HEART,heart,Heart (British Cardiac Society),,HEART,100,22
104,1556-3871_bz_results.csv,1556-3871,heart rhythm,HEART RHYTHM,heart rhythm,Heart rhythm,,HEART RHYTHM,101,17
182,2052-7276_bz_results.csv,2052-7276,horticulture research,HORTIC RES-ENGLAND,horticulture research,Horticulture research,,Horticulture Research,102,79
107,1557-7422_bz_results.csv,1557-7422,human gene therapy,HUM GENE THER,human gene therapy,Human gene therapy,,HUMAN GENE THERAPY,103,90
29,1460-2083_bz_results.csv,1460-2083,human molecular genetics,HUM MOL GENET,human molecular genetics,Human molecular genetics,,HUMAN MOLECULAR GENETICS,104,84
10,1097-4180_bz_results.csv,1097-4180,immunity,IMMUNITY,immunity,Immunity,,IMMUNITY,105,95
17,1365-2567_bz_results.csv,1365-2567,immunology,IMMUNOLOGY,immunology,Immunology,,IMMUNOLOGY,106,104
54,1479-5868_bz_results.csv,1479-5868,international journal of behavioral nutrition and physical activity,INT J BEHAV NUTR PHY,international journal of behavioral nutrition & physical activity,The international journal of behavioral nutrition and physical activity,,International Journal of Behavioral Nutrition and Physical Activity,107,164
9,1097-0215_bz_results.csv,1097-0215,international journal of cancer,INT J CANCER,international journal of cancer,International journal of cancer,,INTERNATIONAL JOURNAL OF CANCER,108,144
113,1569-5794_bz_results.csv,1569-5794,international journal of cardiovascular imaging,INT J CARDIOVAS IMAG,international journal of cardiovascular imaging,The international journal of cardiovascular imaging,,INTERNATIONAL JOURNAL OF CARDIOVASCULAR IMAGING,109,9
47,1476-5497_bz_results.csv,1476-5497,international journal of obesity,INT J OBESITY,international journal of obesity,International journal of obesity (2005),,INTERNATIONAL JOURNAL OF OBESITY,110,64
139,1872-7697_bz_results.csv,1872-7697,international journal of psychophysiology,INT J PSYCHOPHYSIOL,international journal of psychophysiology,International journal of psychophysiology : official journal of the International Organization of Psychophysiology,,INTERNATIONAL JOURNAL OF PSYCHOPHYSIOLOGY,111,189
153,1879-355X_bz_results.csv,1879-355X,international journal of radiation oncology biology physics,INT J RADIAT ONCOL,international journal of radiation oncology biology physics,"International journal of radiation oncology, biology, physics",,INTERNATIONAL JOURNAL OF RADIATION ONCOLOGY BIOLOGY PHYSICS,112,149
206,2405-5018_bz_results.csv,2405-5018,jacc-clinical electrophysiology,JACC-CLIN ELECTROPHY,jacc clinical electrophysiology,JACC. Clinical electrophysiology,,JACC-Clinical Electrophysiology,113,16
212,2666-0873_bz_results.csv,2666-0873,jacc: cardiooncology,JACC-CARDIOONCOL,jacc cardiooncology,JACC. CardioOncology,,JACC: CardioOncology,114,19
30,1460-2105_bz_results.csv,1460-2105,jnci-journal of the national cancer institute,JNCI-J NATL CANCER I,jnci journal of the national cancer institute,Journal of the National Cancer Institute,,JNCI-Journal of the National Cancer Institute,115,131
180,2051-1426_bz_results.csv,2051-1426,journal for immunotherapy of cancer,J IMMUNOTHER CANCER,journal for immunotherapy of cancer,Journal for immunotherapy of cancer,,Journal for ImmunoTherapy of Cancer,116,128
12,1097-6825_bz_results.csv,1097-6825,journal of allergy and clinical immunology,J ALLERGY CLIN IMMUN,journal of allergy & clinical immunology,The Journal of allergy and clinical immunology,,JOURNAL OF ALLERGY AND CLINICAL IMMUNOLOGY,117,99
191,2213-2201_bz_results.csv,2213-2201,journal of allergy and clinical immunology-in practice,J ALLER CL IMM-PRACT,journal of allergy & clinical immunology in practice,The journal of allergy and clinical immunology. In practice,,Journal of Allergy and Clinical Immunology-In Practice,118,102
68,1522-1601_bz_results.csv,1522-1601,journal of applied physiology,J APPL PHYSIOL,journal of applied physiology,"Journal of applied physiology (Bethesda, Md. : 1985)",,JOURNAL OF APPLIED PHYSIOLOGY,119,187
6,1095-9157_bz_results.csv,1095-9157,journal of autoimmunity,J AUTOIMMUN,journal of autoimmunity,Journal of autoimmunity,,JOURNAL OF AUTOIMMUNITY,120,110
100,1552-4531_bz_results.csv,1552-4531,journal of biological rhythms,J BIOL RHYTHM,journal of biological rhythms,Journal of biological rhythms,,JOURNAL OF BIOLOGICAL RHYTHMS,121,191
70,1523-4681_bz_results.csv,1523-4681,journal of bone and mineral research,J BONE MINER RES,journal of bone & mineral research,Journal of bone and mineral research : the official journal of the American Society for Bone and Mineral Research,,JOURNAL OF BONE AND MINERAL RESEARCH,122,52
86,1532-8414_bz_results.csv,1532-8414,journal of cardiac failure,J CARD FAIL,journal of cardiac failure,Journal of cardiac failure,,JOURNAL OF CARDIAC FAILURE,123,12
159,1934-5925_bz_results.csv,1934-5925,journal of cardiovascular computed tomography,J CARDIOVASC COMPUT,journal of cardiovascular computed tomography,Journal of cardiovascular computed tomography,,Journal of Cardiovascular Computed Tomography,124,8
196,2308-3425_bz_results.csv,2308-3425,journal of cardiovascular development and disease,J CARDIOVASC DEV DIS,journal of cardiovascular development & disease,Journal of cardiovascular development and disease,,Journal of Cardiovascular Development and Disease,125,20
93,1540-8167_bz_results.csv,1540-8167,journal of cardiovascular electrophysiology,J CARDIOVASC ELECTR,journal of cardiovascular electrophysiology,Journal of cardiovascular electrophysiology,,JOURNAL OF CARDIOVASCULAR ELECTROPHYSIOLOGY,126,18
112,1559-7016_bz_results.csv,1559-7016,journal of cerebral blood flow and metabolism,J CEREBR BLOOD F MET,journal of cerebral blood flow & metabolism,Journal of cerebral blood flow and metabolism : official journal of the International Society of Cerebral Blood Flow and Metabolism,,JOURNAL OF CEREBRAL BLOOD FLOW AND METABOLISM,127,55
115,1573-2592_bz_results.csv,1573-2592,journal of clinical immunology,J CLIN IMMUNOL,journal of clinical immunology,Journal of clinical immunology,,JOURNAL OF CLINICAL IMMUNOLOGY,128,107
144,1873-4995_bz_results.csv,1873-4995,journal of controlled release,J CONTROL RELEASE,journal of controlled release,Journal of controlled release : official journal of the Controlled Release Society,,JOURNAL OF CONTROLLED RELEASE,129,158
145,1873-5711_bz_results.csv,1873-5711,journal of electromyography and kinesiology,J ELECTROMYOGR KINES,journal of electromyography & kinesiology,Journal of electromyography and kinesiology : official journal of the International Society of Electrophysiological Kinesiology,,JOURNAL OF ELECTROMYOGRAPHY AND KINESIOLOGY,130,173
132,1756-9966_bz_results.csv,1756-9966,journal of experimental & clinical cancer research,J EXP CLIN CANC RES,journal of experimental & clinical cancer research,Journal of experimental &amp; clinical cancer research : CR,,JOURNAL OF EXPERIMENTAL & CLINICAL CANCER RESEARCH,131,147
94,1540-9538_bz_results.csv,1540-9538,journal of experimental medicine,J EXP MED,journal of experimental medicine,The Journal of experimental medicine,,JOURNAL OF EXPERIMENTAL MEDICINE,132,96
3,1021-9498_bz_results.csv,1021-9498,journal of food and drug analysis,J FOOD DRUG ANAL,journal of food & drug analysis,Journal of food and drug analysis,,JOURNAL OF FOOD AND DRUG ANALYSIS,133,162
124,1671-5411_bz_results.csv,1671-5411,journal of geriatric cardiology,J GERIATR CARDIOL,journal of geriatric cardiology,Journal of geriatric cardiology : JGC,,Journal of Geriatric Cardiology,134,27
105,1557-3117_bz_results.csv,1557-3117,journal of heart and lung transplantation,J HEART LUNG TRANSPL,journal of heart & lung transplantation,The Journal of heart and lung transplantation : the official publication of the International Society for Heart Transplantation,,JOURNAL OF HEART AND LUNG TRANSPLANTATION,135,2
130,1756-8722_bz_results.csv,1756-8722,journal of hematology & oncology,J HEMATOL ONCOL,journal of hematology & oncology,Journal of hematology &amp; oncology,,Journal of Hematology & Oncology,136,138
99,1550-6606_bz_results.csv,1550-6606,journal of immunology,J IMMUNOL,journal of immunology,"Journal of immunology (Baltimore, Md. : 1950)",,JOURNAL OF IMMUNOLOGY,137,113
119,1662-8128_bz_results.csv,1662-8128,journal of innate immunity,J INNATE IMMUN,journal of innate immunity,Journal of innate immunity,,Journal of Innate Immunity,138,105
117,1573-7039_bz_results.csv,1573-7039,journal of mammary gland biology and neoplasia,J MAMMARY GLAND BIOL,journal of mammary gland biology & neoplasia,Journal of mammary gland biology and neoplasia,,JOURNAL OF MAMMARY GLAND BIOLOGY AND NEOPLASIA,139,176
35,1468-6244_bz_results.csv,1468-6244,journal of medical genetics,J MED GENET,journal of medical genetics,Journal of medical genetics,,JOURNAL OF MEDICAL GENETICS,140,83
5,1095-8584_bz_results.csv,1095-8584,journal of molecular and cellular cardiology,J MOL CELL CARDIOL,journal of molecular & cellular cardiology,Journal of molecular and cellular cardiology,,JOURNAL OF MOLECULAR AND CELLULAR CARDIOLOGY,141,31
55,1479-6813_bz_results.csv,1479-6813,journal of molecular endocrinology,J MOL ENDOCRINOL,journal of molecular endocrinology,Journal of molecular endocrinology,,JOURNAL OF MOLECULAR ENDOCRINOLOGY,142,58
125,1742-2094_bz_results.csv,1742-2094,journal of neuroinflammation,J NEUROINFLAMM,journal of neuroinflammation,Journal of neuroinflammation,,Journal of Neuroinflammation,143,123
67,1522-1598_bz_results.csv,1522-1598,journal of neurophysiology,J NEUROPHYSIOL,journal of neurophysiology,Journal of neurophysiology,,JOURNAL OF NEUROPHYSIOLOGY,144,199
85,1532-6551_bz_results.csv,1532-6551,journal of nuclear cardiology,J NUCL CARDIOL,journal of nuclear cardiology,Journal of nuclear cardiology : official publication of the American Society of Nuclear Cardiology,,JOURNAL OF NUCLEAR CARDIOLOGY,145,21
192,2214-031X_bz_results.csv,2214-031X,journal of orthopaedic translation,J ORTHOP TRANSL,journal of orthopaedic translation,Journal of orthopaedic translation,,Journal of Orthopaedic Translation,146,156
155,1880-6805_bz_results.csv,1880-6805,journal of physiological anthropology,J PHYSIOL ANTHROPOL,journal of physiological anthropology,Journal of physiological anthropology,,Journal of Physiological Anthropology,147,195
154,1880-6562_bz_results.csv,1880-6562,journal of physiological sciences,J PHYSIOL SCI,journal of physiological sciences,The journal of physiological sciences : JPS,,Journal of Physiological Sciences,148,174
147,1877-8755_bz_results.csv,1877-8755,journal of physiology and biochemistry,J PHYSIOL BIOCHEM,journal of physiology & biochemistry,Journal of physiology and biochemistry,,JOURNAL OF PHYSIOLOGY AND BIOCHEMISTRY,149,168
2,0867-5910_bz_results.csv,0867-5910,journal of physiology and pharmacology,J PHYSIOL PHARMACOL,journal of physiology & pharmacology,Journal of physiology and pharmacology : an official journal of the Polish Physiological Society,,JOURNAL OF PHYSIOLOGY AND PHARMACOLOGY,150,171
37,1469-7793_bz_results.csv,1469-7793,journal of physiology-london,J PHYSIOL-LONDON,journal of physiology london,The Journal of physiology,,JOURNAL OF PHYSIOLOGY-LONDON,151,166
1,0742-3098_bz_results.csv,0742-3098,journal of pineal research,J PINEAL RES,journal of pineal research,Journal of pineal research,,JOURNAL OF PINEAL RESEARCH,152,44
57,1499-2752_bz_results.csv,1499-2752,journal of rheumatology,J RHEUMATOL,journal of rheumatology,The Journal of rheumatology,,JOURNAL OF RHEUMATOLOGY,153,205
177,2047-9980_bz_results.csv,2047-9980,journal of the american heart association,J AM HEART ASSOC,journal of the american heart association,Journal of the American Heart Association,,Journal of the American Heart Association,154,28
103,1556-1380_bz_results.csv,1556-1380,journal of thoracic oncology,J THORAC ONCOL,journal of thoracic oncology,Journal of thoracic oncology : official publication of the International Association for the Study of Lung Cancer,,Journal of Thoracic Oncology,155,132
19,1423-0143_bz_results.csv,1423-0143,kidney & blood pressure research,KIDNEY BLOOD PRESS R,kidney & blood pressure research,Kidney &amp; blood pressure research,,KIDNEY & BLOOD PRESSURE RESEARCH,156,192
69,1523-1755_bz_results.csv,1523-1755,kidney international,KIDNEY INT,kidney international,Kidney international,,KIDNEY INTERNATIONAL,157,208
199,2352-3018_bz_results.csv,2352-3018,lancet hiv,LANCET HIV,lancet hiv,The lancet. HIV,,Lancet HIV,158,98
211,2665-9913_bz_results.csv,2665-9913,lancet rheumatology,LANCET RHEUMATOL,lancet rheumatology,The Lancet. Rheumatology,,Lancet Rheumatology,159,203
49,1476-5551_bz_results.csv,1476-5551,leukemia,LEUKEMIA,leukemia,Leukemia,,LEUKEMIA,160,133
123,1664-5553_bz_results.csv,1664-5553,liver cancer,LIVER CANCER,liver cancer,Liver cancer,,Liver Cancer,161,134
109,1557-8585_bz_results.csv,1557-8585,lymphatic research and biology,LYMPHAT RES BIOL,lymphatic research & biology,Lymphatic research and biology,,Lymphatic Research and Biology,162,182
87,1532-8600_bz_results.csv,1532-8600,metabolism-clinical and experimental,METABOLISM,metabolism clinical & experimental,Metabolism: clinical and experimental,,METABOLISM-CLINICAL AND EXPERIMENTAL,163,47
184,2057-5858_bz_results.csv,2057-5858,microbial genomics,MICROB GENOMICS,microbial genomics,Microbial genomics,,Microbial Genomics,164,93
171,2040-2392_bz_results.csv,2040-2392,molecular autism,MOL AUTISM,molecular autism,Molecular autism,,Molecular Autism,165,78
88,1537-1719_bz_results.csv,1537-1719,molecular biology and evolution,MOL BIOL EVOL,molecular biology & evolution,Molecular biology and evolution,,MOLECULAR BIOLOGY AND EVOLUTION,166,68
43,1476-4598_bz_results.csv,1476-4598,molecular cancer,MOL CANCER,molecular cancer,Molecular cancer,,Molecular Cancer,167,129
190,2212-8778_bz_results.csv,2212-8778,molecular metabolism,MOL METAB,molecular metabolism,Molecular metabolism,,Molecular Metabolism,168,50
129,1750-1326_bz_results.csv,1750-1326,molecular neurodegeneration,MOL NEURODEGENER,molecular neurodegeneration,Molecular neurodegeneration,,Molecular Neurodegeneration,169,120
50,1476-5578_bz_results.csv,1476-5578,molecular psychiatry,MOL PSYCHIATR,molecular psychiatry,Molecular psychiatry,,MOLECULAR PSYCHIATRY,170,119
75,1525-0024_bz_results.csv,1525-0024,molecular therapy,MOL THER,molecular therapy,Molecular therapy : the journal of the American Society of Gene Therapy,,MOLECULAR THERAPY,171,71
201,2372-7705_bz_results.csv,2372-7705,molecular therapy-oncolytics,MOL THER ONCOLYTICS,molecular therapy oncolytics,Molecular therapy oncolytics,,Molecular Therapy-Oncolytics,172,153
82,1531-8257_bz_results.csv,1531-8257,movement disorders,MOVEMENT DISORD,movement disorders,Movement disorders : official journal of the Movement Disorder Society,,MOVEMENT DISORDERS,173,35
160,1935-3456_bz_results.csv,1935-3456,mucosal immunology,MUCOSAL IMMUNOL,mucosal immunology,Mucosal immunology,,Mucosal Immunology,174,106
95,1546-1718_bz_results.csv,1546-1718,nature genetics,NAT GENET,nature genetics,Nature genetics,,NATURE GENETICS,175,67
204,2397-3374_bz_results.csv,2397-3374,nature human behaviour,NAT HUM BEHAV,nature human behaviour,Nature human behaviour,,Nature Human Behaviour,176,118
77,1529-2916_bz_results.csv,1529-2916,nature immunology,NAT IMMUNOL,nature immunology,Nature immunology,,NATURE IMMUNOLOGY,177,94
207,2522-5812_bz_results.csv,2522-5812,nature metabolism,NAT METAB,nature metabolism,Nature metabolism,,Nature Metabolism,178,40
96,1546-1726_bz_results.csv,1546-1726,nature neuroscience,NAT NEUROSCI,nature neuroscience,Nature neuroscience,,NATURE NEUROSCIENCE,179,115
71,1523-5866_bz_results.csv,1523-5866,neuro-oncology,NEURO-ONCOLOGY,neuro oncology,Neuro-oncology,,NEURO-ONCOLOGY,180,36
11,1097-4199_bz_results.csv,1097-4199,neuron,NEURON,neuron,Neuron,,NEURON,181,116
18,1365-2990_bz_results.csv,1365-2990,neuropathology and applied neurobiology,NEUROPATH APPL NEURO,neuropathology & applied neurobiology,Neuropathology and applied neurobiology,,NEUROPATHOLOGY AND APPLIED NEUROBIOLOGY,182,38
134,1769-7131_bz_results.csv,1769-7131,neurophysiologie clinique-clinical neurophysiology,NEUROPHYSIOL CLIN,neurophysiologie clinique clinical neurophysiology,Neurophysiologie clinique = Clinical neurophysiology,,NEUROPHYSIOLOGIE CLINIQUE-CLINICAL NEUROPHYSIOLOGY,183,185
149,1878-7479_bz_results.csv,1878-7479,neurotherapeutics,NEUROTHERAPEUTICS,neurotherapeutics,Neurotherapeutics : the journal of the American Society for Experimental NeuroTherapeutics,,Neurotherapeutics,184,39
203,2374-4677_bz_results.csv,2374-4677,npj breast cancer,NPJ BREAST CANCER,npj breast cancer,NPJ breast cancer,,npj Breast Cancer,185,148
183,2056-7944_bz_results.csv,2056-7944,npj genomic medicine,NPJ GENOM MED,npj genomic medicine,NPJ genomic medicine,,npj Genomic Medicine,186,76
202,2373-8057_bz_results.csv,2373-8057,npj parkinsons disease,NPJ PARKINSONS DIS,npj parkinsons disease,NPJ Parkinson's disease,,npj Parkinsons Disease,187,121
205,2397-768X_bz_results.csv,2397-768X,npj precision oncology,NPJ PRECIS ONCOL,npj precision oncology,NPJ precision oncology,,npj Precision Oncology,188,139
185,2059-0105_bz_results.csv,2059-0105,npj vaccines,NPJ VACCINES,npj vaccines,NPJ vaccines,,npj Vaccines,189,103
173,2044-4052_bz_results.csv,2044-4052,nutrition & diabetes,NUTR DIABETES,nutrition & diabetes,Nutrition &amp; diabetes,,Nutrition & Diabetes,190,61
118,1590-3729_bz_results.csv,1590-3729,nutrition metabolism and cardiovascular diseases,NUTR METAB CARDIOVAS,nutrition metabolism & cardiovascular diseases,"Nutrition, metabolism, and cardiovascular diseases : NMCD",,NUTRITION METABOLISM AND CARDIOVASCULAR DISEASES,191,32
157,1930-739X_bz_results.csv,1930-739X,obesity,OBESITY,obesity,"Obesity (Silver Spring, Md.)",,Obesity,192,66
51,1476-5594_bz_results.csv,1476-5594,oncogene,ONCOGENE,oncogene,Oncogene,,ONCOGENE,193,70
187,2157-9024_bz_results.csv,2157-9024,oncogenesis,ONCOGENESIS,oncogenesis,Oncogenesis,,Oncogenesis,194,145
189,2162-402X_bz_results.csv,2162-402X,oncoimmunology,ONCOIMMUNOLOGY,oncoimmunology,Oncoimmunology,,OncoImmunology,195,141
7,1095-9939_bz_results.csv,1095-9939,pesticide biochemistry and physiology,PESTIC BIOCHEM PHYS,pesticide biochemistry & physiology,Pesticide biochemistry and physiology,,PESTICIDE BIOCHEMISTRY AND PHYSIOLOGY,196,179
23,1432-2013_bz_results.csv,1432-2013,pflugers archiv-european journal of physiology,PFLUG ARCH EUR J PHY,pflugers archiv european journal of physiology,Pflugers Archiv : European journal of physiology,,PFLUGERS ARCHIV-EUROPEAN JOURNAL OF PHYSIOLOGY,197,177
169,1999-4923_bz_results.csv,1999-4923,pharmaceutics,PHARMACEUTICS,pharmaceutics,Pharmaceutics,,Pharmaceutics,198,161
79,1531-2267_bz_results.csv,1531-2267,physiological genomics,PHYSIOL GENOMICS,physiological genomics,Physiological genomics,,PHYSIOLOGICAL GENOMICS,199,193
15,1361-6579_bz_results.csv,1361-6579,physiological measurement,PHYSIOL MEAS,physiological measurement,Physiological measurement,,PHYSIOLOGICAL MEASUREMENT,200,183
135,1802-9973_bz_results.csv,1802-9973,physiological research,PHYSIOL RES,physiological research,Physiological research,,PHYSIOLOGICAL RESEARCH,201,198
102,1553-7404_bz_results.csv,1553-7404,plos genetics,PLOS GENET,plos genetics,PLoS genetics,,PLoS Genetics,202,88
52,1476-5608_bz_results.csv,1476-5608,prostate cancer and prostatic diseases,PROSTATE CANCER P D,prostate cancer & prostatic diseases,Prostate cancer and prostatic diseases,,PROSTATE CANCER AND PROSTATIC DISEASES,203,211
38,1469-8986_bz_results.csv,1469-8986,psychophysiology,PSYCHOPHYSIOLOGY,psychophysiology,Psychophysiology,,PSYCHOPHYSIOLOGY,204,180
32,1462-0332_bz_results.csv,1462-0332,rheumatology,RHEUMATOLOGY,rheumatology,"Rheumatology (Oxford, England)",,RHEUMATOLOGY,205,204
58,1502-7732_bz_results.csv,1502-7732,scandinavian journal of rheumatology,SCAND J RHEUMATOL,scandinavian journal of rheumatology,Scandinavian journal of rheumatology,,SCANDINAVIAN JOURNAL OF RHEUMATOLOGY,206,207
74,1524-4628_bz_results.csv,1524-4628,stroke,STROKE,stroke,Stroke,,STROKE,207,37
24,1432-2242_bz_results.csv,1432-2242,theoretical and applied genetics,THEOR APPL GENET,theoretical & applied genetics,TAG. Theoretical and applied genetics. Theoretische und angewandte Genetik,,THEORETICAL AND APPLIED GENETICS,208,89
133,1758-8359_bz_results.csv,1758-8359,therapeutic advances in medical oncology,THER ADV MED ONCOL,therapeutic advances in medical oncology,Therapeutic advances in medical oncology,,Therapeutic Advances in Medical Oncology,209,140
111,1557-9077_bz_results.csv,1557-9077,thyroid,THYROID,thyroid,Thyroid : official journal of the American Thyroid Association,,THYROID,210,54
213,2666-6367_bz_results.csv,2666-6367,transplantation and cellular therapy,TRANSPL CELL THER,biology of blood & marrow transplantation,Transplantation and cellular therapy,Biology of blood and marrow transplantation : journal of the American Society for Blood and Marrow Transplantation,BIOLOGY OF BLOOD AND MARROW TRANSPLANTATION,211,114
186,2150-5608_bz_results.csv,2150-5608,virulence,VIRULENCE,virulence,Virulence,,Virulence,212,111
194,2287-4690_bz_results.csv,2287-4690,world journal of mens health,WORLD J MENS HEALTH,world journal of mens health,The world journal of men's health,,World Journal of Mens Health,213,213